score,criteriaScore,programmingLanguage,creationTime,codingamer.userId,pseudo,codingamer.countryId,codingamer.avatar,#optim|count=3|time=2026-04-22T05:53:47
100.0,581595.0,D,1728636030045,884874,Zauberer,JP,,
58.333333333333336,304150.0,D,1728636030045,2922702,danieljtrowbridge,GB,22402682381694,
41.666666666666664,95408.0,D,1728636030045,3283415,Bon[]Crayon,FR,150686581484160,
