score,criteriaScore,programmingLanguage,creationTime,codingamer.userId,pseudo,codingamer.countryId,codingamer.avatar,#optim|count=4|time=2025-09-02T04:11:43
100.0,2462465.0,F#,1728631230008,1859646,AlWerewolf,RU,,
100.0,2048008.0,F#,1728631230008,3027918,Plastic,US,41150445708468,
58.333333333333336,304150.0,F#,1728631230008,1981732,MJS,FR,12502282804946,
58.333333333333336,304150.0,F#,1728631230008,1988531,MarcL,TH,13369149973558,
