score,criteriaScore,programmingLanguage,creationTime,codingamer.userId,pseudo,codingamer.countryId,codingamer.avatar,#optim|count=7|time=2025-05-17T04:11:20
100.0,4509476.0,Lua,1728633400005,3564009,Waffle3z,US,44751789808331,
58.333333333333336,304150.0,Lua,1728633400005,4213565,wasikuss,PL,,
58.333333333333336,304150.0,Lua,1728633400005,5696829,Alan822,HK,,
58.333333333333336,304150.0,Lua,1728633400005,5255694,Rokito,MG,,
58.333333333333336,304150.0,Lua,1728633400005,6274961,BeckyTuxedo,MY,129267442612276,
58.333333333333336,304150.0,Lua,1728633400005,6309455,ISadRojer,KG,,
0.0,0.0,Lua,1728633400005,3614361,Mossieur Patate,FR,,
