score,criteriaScore,programmingLanguage,creationTime,codingamer.userId,pseudo,codingamer.countryId,codingamer.avatar,#optim|count=6|time=2024-11-11T04:10:22
100.0,4195054.0,Perl,1728633940002,4687360,thomas.schuerger,DE,77623682146098,
91.66666666666667,4114764.0,Perl,1728633940002,6115420,scresto,FR,127667866173827,
58.333333333333336,304150.0,Perl,1728633940002,5575882,sblondeel,FR,108960069428271,
58.333333333333336,304150.0,Perl,1728633940002,2386059,Alphik,CY,18409237128382,
58.333333333333336,304150.0,Perl,1728633940002,4216789,Saur2000,SE,59987602214161,
0.0,0.0,Perl,1728633940002,802230,Orabig,FR,1718532341458,
