score,criteriaScore,programmingLanguage,creationTime,codingamer.userId,pseudo,codingamer.countryId,codingamer.avatar,#optim|count=8|time=2024-10-15T04:10:25
91.66666666666667,856936.0,Swift,1728632670019,6129703,amarcadet,FR,,
58.333333333333336,304150.0,Swift,1728632670019,354788,Lexer31,FR,60198468830213,
58.333333333333336,304150.0,Swift,1728632670019,2966006,MelInfiny,FR,,
58.333333333333336,304150.0,Swift,1728632670019,1039545,Pinor,CA,2135058072400,
58.333333333333336,304150.0,Swift,1728632670019,476340,iRinji,RU,34909489875747,
58.333333333333336,304150.0,Swift,1728632670019,1418816,ictor,US,35075420510213,
58.333333333333336,304150.0,Swift,1728632670019,3815413,Michael_Howard,GB,44719647705818,
33.333333333333336,178880.0,Swift,1728632670019,2581311,BigRok,FR,,
