score,criteriaScore,programmingLanguage,creationTime,codingamer.userId,pseudo,codingamer.countryId,codingamer.avatar,#optim|count=6|time=2024-10-18T04:11:00
100.0,1756982.0,VB.NET,1728630750027,2855039,TheNanoDev,FR,28590620794621,
91.66666666666667,2965703.0,VB.NET,1728632670019,2491843,AllanRBrewer,GB,17477291666309,
66.66666666666667,594308.0,VB.NET,1728632670019,1487502,natehaze,US,5244448023351,
58.333333333333336,504450.0,VB.NET,1728632670019,3028864,lorcQc,CA,,
58.333333333333336,304150.0,VB.NET,1728632670019,2819211,fstiffo,IT,21140899156503,
58.333333333333336,304150.0,VB.NET,1728632670019,358566,dasaal,FR,,
