score,criteriaScore,programmingLanguage,creationTime,codingamer.userId,pseudo,codingamer.countryId,codingamer.avatar,#optim|count=9|time=2025-06-21T04:14:59
100.0,112325.0,Javascript,1734128539275,3990164,adamsc,PL,,
100.0,120415.0,Javascript,1748631457421,2677877,KyanBlevins,US,75540586313988,
100.0,137585.0,Javascript,1741423073513,5298641,RTJ,FR,97115384435155,
100.0,230816.0,Javascript,1731933394248,6350224,MiaRakoto,MG,132832885072320,
100.0,250151.0,Javascript,1725030523797,4148107,Askr,FR,,
100.0,317295.0,Javascript,1730283456324,3737797,lbadet,FR,42528900173646,
100.0,321374.0,Javascript,1725867302736,2110342,lchenay,FR,68642008923579,
7.6923076923076925,22690.0,Javascript,1724747327800,5163410,LOKI_78,LU,93367947956362,
7.6923076923076925,22690.0,Javascript,1733234219653,6384747,coloderch,FR,,
