score,criteriaScore,programmingLanguage,creationTime,codingamer.userId,pseudo,codingamer.countryId,codingamer.avatar,#optim|count=9|time=2020-05-22T00:52:34
100,11246.86,Python3,1590108754000,1400179,reCurse,CA,58850847098890,
100,12474.870000000004,C++,1590108754000,3457031,YurkovAS,RU,33020204289704,
100,12491.160000000002,C++,1590108754000,1607522,RoboStac,GB,11333369102997,
100,17160.519999999997,Java,1590108754000,1306289,Jasperr,NL,56014127626531,
100,17730.649999999994,C++,1590108754000,862919,Astrobytes,GB,60413902297900,
100,17793.96000000001,C++,1590108754000,1288527,Snef,FR,20716524973752,
100,18609.15,C++,1590108754000,1378958,Illedan,NO,16222515698472,
100,18609.15,C++,1590108754000,811622,Scarfield,DK,73294709815061,
100,18803.81,VB.NET,1590108754000,481564,mihei,RU,4454400756022,
