score,criteriaScore,programmingLanguage,creationTime,codingamer.userId,pseudo,codingamer.countryId,codingamer.avatar,#optim|count=6|time=2025-07-12T04:22:04
100.0,11985.899999999996,Dart,1597171500717,3869618,tsds,RU,46148249699201,
100.0,12896.559999999989,Dart,1590419345976,153683,40R15T3,FR,13910938941186,
100.0,22464.629999999994,Dart,1607740215468,4052564,GooPunch,US,55307965399591,
100.0,23068.669999999995,Dart,1610397362825,3922731,OxideByte,LU,146262342111203,
100.0,23794.669999999995,Dart,1607741047128,3941789,LastRick,US,48856908381842,
0.0,50000.0,Dart,1607797850217,3402737,treeplate,US,67984262630667,
