score,criteriaScore,programmingLanguage,creationTime,codingamer.userId,pseudo,codingamer.countryId,codingamer.avatar,#optim|count=7|time=2024-07-08T04:09:47
100.0,11985.899999999996,Dart,1597171500717,3869618,tsds,RU,46148249699201,
100.0,12896.559999999989,Dart,1590419345976,153683,40R15T3,FR,13910938941186,
100.0,22464.629999999994,Dart,1607740215468,4052564,GooPunch,US,55307965399591,
100.0,23068.669999999995,Dart,1610397362825,3922731,Dartisan,LU,101995908419116,
100.0,23794.669999999995,Dart,1607741047128,3941789,LastRick,US,48856908381842,
92.0,17890.48999999999,Dart,1720285962062,186405,d-mark,FR,7899805743942,
0.0,50000.0,Dart,1607797850217,3402737,treeplate,US,67984262630667,
