score,criteriaScore,programmingLanguage,creationTime,codingamer.userId,pseudo,codingamer.countryId,codingamer.avatar,#optim|count=3|time=2024-04-03T04:08:46
100.0,13534.07,Haskell,1632346274546,512097,Stilgart,FR,69893904259383,
96.0,22884.939999999995,Haskell,1606388976476,3744599,Franky78,DE,,
28.0,42412.280000000006,Haskell,1607116132888,3253187,mivael,UA,25904260253527,
