score,criteriaScore,programmingLanguage,creationTime,codingamer.userId,pseudo,codingamer.countryId,codingamer.avatar,#optim|count=3|time=2025-01-22T04:10:21
100.0,13534.07,Haskell,1632346274546,512097,Stilgart,FR,69893904259383,
100.0,20233.200000000004,Haskell,1728351907308,3744599,Franky78,DE,,
28.0,42412.280000000006,Haskell,1607116132888,3253187,mivael,UA,25904260253527,
