score,criteriaScore,programmingLanguage,creationTime,codingamer.userId,pseudo,codingamer.countryId,codingamer.avatar,#optim|count=2|time=2025-02-11T04:10:16
100.0,22679.979999999996,Swift,1607178747386,4078082,P0l4ris,GB,54761421262990,
70.0,31946.539999999994,Swift,1606801077158,3665464,TheFalk,DE,39932163246167,
