score,criteriaScore,programmingLanguage,creationTime,codingamer.userId,pseudo,codingamer.countryId,codingamer.avatar,#golf|count=8|time=2025-01-20T04:10:14
100.0,135.0,VB.NET,1694371346190,2928146,LolCat,MU,22538133010433,
100.0,166.0,VB.NET,1686517384178,4438505,Eric_[EGU],FR,114044329618574,
100.0,175.0,VB.NET,1681026651325,3354337,Westicles,CX,79146641399080,
100.0,227.0,VB.NET,1723525289257,2874091,5DN1L,GB,134264063920528,
100.0,328.0,VB.NET,1701768922992,3424280,Zener,FR,39512266910769,
100.0,577.0,VB.NET,1710790153138,5807573,Stephen Kondaveti,US,120619186703150,
83.33333333333333,2097.0,VB.NET,1725868952850,6265877,Jinnovra,DE,,
83.33333333333333,3071.0,VB.NET,1680174950004,4811711,pbd59,FR,,
