score,criteriaScore,programmingLanguage,creationTime,codingamer.userId,pseudo,codingamer.countryId,codingamer.avatar,#optim|count=4|time=2024-02-20T04:08:44
100.0,319.0,Scala,1673445312799,154935,yamo,FR,13357218751473,
100.0,1254.0,Scala,1650550575040,4587710,Smetalka,HR,,
28.26086956521739,9997.0,Scala,1583499564099,1740037,ereiam,FR,12669494111004,
19.565217391304348,11223.0,Scala,1708371870196,562621,la_touffe,FR,,
