score,criteriaScore,programmingLanguage,creationTime,codingamer.userId,pseudo,codingamer.countryId,codingamer.avatar,#optim|count=5|time=2025-09-16T04:11:16
100.0,319.0,Scala,1673445312799,154935,yamo,FR,13357218751473,
100.0,807.0,Scala,1746696396374,2482615,Zenobia,FR,17376295118952,
100.0,1254.0,Scala,1650550575040,4587710,Smetalka,HR,,
43.47826086956522,8076.0,Scala,1708797258945,562621,la_touffe,FR,,
28.26086956521739,9997.0,Scala,1583499564099,1740037,ereiam,FR,12669494111004,
