score,criteriaScore,programmingLanguage,creationTime,codingamer.userId,pseudo,codingamer.countryId,codingamer.avatar,#optim|count=6|time=2025-11-05T04:13:12
100.0,319.0,Scala,1673445312799,154935,yamo,FR,13357218751473,
100.0,807.0,Scala,1746696396374,2482615,Zenobia,FR,17376295118952,
100.0,1254.0,Scala,1650550575040,4587710,Smetalka,HR,,
52.17391304347826,6872.0,Scala,1762205910050,937073,Krlos,ES,18241478681928,
43.47826086956522,8076.0,Scala,1708797258945,562621,la_touffe,FR,,
28.26086956521739,9997.0,Scala,1583499564099,1740037,ereiam,FR,12669494111004,
