score,criteriaScore,programmingLanguage,creationTime,codingamer.userId,pseudo,codingamer.countryId,codingamer.avatar,#optim|count=8|time=2023-09-28T06:38:03
100.0,330.0,TypeScript,1677255224207,1475413,AlucardDH,FR,4898493641535,
100.0,566.0,TypeScript,1652645511001,416762,Khao,CA,2035557596161,
100.0,583.0,TypeScript,1604439411215,552776,player_one,US,52487021619351,
100.0,1503.0,TypeScript,1611949974615,3171976,horvbalazs,HU,25768970056823,
56.52173913043478,6159.0,TypeScript,1603021734379,1931039,MooMooN,FR,11972180817471,
45.65217391304348,8529.0,TypeScript,1622990886879,2641712,Scarlatine,SE,19128425061644,
15.217391304347826,12189.0,TypeScript,1657732912209,380805,Xtendz,FR,100694504923582,
2.1739130434782608,12045.0,TypeScript,1597017403299,1549856,Keylan,US,7544816458112,
