score,criteriaScore,programmingLanguage,creationTime,codingamer.userId,pseudo,codingamer.countryId,codingamer.avatar,#optim|count=4|time=2024-06-09T04:08:10
93.33333333333333,3503.0,Go,1679942053683,1039456,bo0 (Nikokolas),FR,2134795155504,
76.66666666666667,2585.0,Go,1596559407119,1484839,sparky,GB,41934483411733,
0.0,420.0,Go,1558911554322,1760921,[Leonardone]-[-_-]-[NEETSDKASU],JP,10001057268421,
0.0,3150.0,Go,1602227114020,3946057,kvitebjorn,CA,118985367121874,
