score,criteriaScore,programmingLanguage,creationTime,codingamer.userId,pseudo,codingamer.countryId,codingamer.avatar,#optim|count=4|time=2025-05-11T04:12:27
100.0,2379.0,Scala,1694317902283,1541159,wilsonr990,CO,5976592071385,
100.0,3261.0,Scala,1650637539331,4587710,Smetalka,HR,,
83.33333333333333,4057.0,Scala,1551161435446,1740037,ereiam,FR,12669494111004,
13.333333333333334,1531.0,Scala,1746896370930,2202771,Kaplone,FR,23792369424472,
