score,criteriaScore,programmingLanguage,creationTime,codingamer.userId,pseudo,codingamer.countryId,codingamer.avatar,#optim|count=4|time=2025-05-19T04:18:05
100.0,2379.0,Scala,1694317902283,1541159,wilsonr990,CO,5976592071385,
100.0,3261.0,Scala,1650637539331,4587710,Smetalka,HR,,
83.33333333333333,4057.0,Scala,1551161435446,1740037,ereiam,FR,12669494111004,
16.666666666666668,1688.0,Scala,1747471181085,2202771,Kaplone,FR,23792369424472,
